word,count
и,69
в,51
на,26
он,26
не,21
его,20
с,19
николай,17
петрович,17
к,15
как,12
аркадий,10
но,10
а,9
только,8
него,7
по,7
у,7
я,7
же,6
из,6
отец,6
что,6
за,5
лошадей,5
ним,5
папаша,5
под,5
ты,5
базаров,4
видать,4
вот,4
году,4
да,4
ему,4
несколько,4
о,4
петр,4
постоялого,4
слуга,4
сына,4
так,4
тебе,4
уже,4
аркаша,3
барин,3
было,3
все,3
где,3
говорил,3
года,3
для,3
дороги,3
есть,3
их,3
котором,3
наконец,3
нас,3
начал,3
немного,3
ничего,3
она,3
от,3
почти,3
своего,3
сейчас,3
тебя,3
1859,2
агафоклея,2
аркадия,2
базарова,2
большими,2
брату,2
вдоль,2
вернулся,2
волосы,2
вскочил,2
всю,2
вы,2
выходя,2
вышел,2
генерал,2
глядеть,2
год,2
головой,2
голосом,2
губы,2
два,2
двора,2
дворика,2
до,2
довольно,2
дома,2
евгений,2
еще,2
живей,2
жизни,2
жизнь,2
закладывать,2
закурил,2
здоров,2
изредка,2
или,2
кандидат,2
кандидата,2
качестве,2
квартире,2
кирсанов,2
кирсанова,2
комната,2
крепко,2
кузьминишна,2
лет,2
между,2
минул,2
митюха,2
молодого,2
надеюсь,2
никак,2
около,2
они,2
опять,2
ответствовал,2
отвечал,2
павлу,2
пальто,2
петербург,2
повез,2
подобно,2
подошел,2
подхватил,2
пожалуйста,2
покажи-ка,2
поскорее,2
потом,2
приехал,2
родился,2
рос,2
руками,2
ручке,2
свое,2
своей,2
себя,2
словно,2
словом,2
слуги,2
со,2
сперва,2
спросил,2
сын,2
сюда,2
тарантас,2
тарантаса,2
тарантасе,2
тем,2
тихо,2
то,2
толстобородый,2
тот,2
трубку,2
тут,2
увидишь,2
университет,2
усовершенствованного,2
хорошо,2
хотя,2
чиновника,2
ямщику,2
1812,1
1835,1
20,1
47-м,1
48-й,1
55-м,1
agathe,1
ii,1
iii,1
адъютантами,1
английский,1
базаровым,1
бакенбардами,1
балахона,1
балахоне,1
барин-то,1
барича,1
барским,1
без,1
безбородой,1
бездействия,1
беловатым,1
беспрестанно,1
бирюзовая,1
благодарен,1
благословляла,1
блаженствовал,1
боевой,1
большие,1
брат,1
братец,1
бригадой,1
будет,1
бумаги,1
бывшего,1
был,1
были,1
быстро,1
быть,1
важного,1
васильев,1
васильич,1
ваше,1
вдвоем,1
вели,1
верстах,1
вертелось,1
весело,1
ветхие,1
взволнованного,1
вздохнул,1
взобрался,1
видим,1
висячими,1
влюбиться,1
вместе,1
внезапно,1
водку,1
воду,1
военную,1
вожжи,1
возвращались,1
возле,1
возраста,1
ворот,1
ворота,1
воротами,1
воротник,1
воротнику,1
восемнадцатый,1
воскликнул,1
воспитывался,1
впереди,1
вполголоса,1
времени,1
всего,1
вспомнилась,1
встревоженнее,1
вторично,1
вывел,1
выехать,1
выкрутасами,1
вылезшему,1
вынес,1
вынырнув,1
выпуклостей,1
выражается,1
выражало,1
выразить,1
высокого,1
гвардейский,1
генерал-майор,1
генеральского,1
генеральшах,1
глаза,1
глазами,1
глазенками,1
глазом,1
глухой,1
говорила,1
говорится,1
голове,1
голубь,1
гораздо,1
городе,1
гостиной,1
границу,1
громко,1
грубый,1
гувернерами,1
густые,1
даже,1
дай,1
даче,1
две,1
двести,1
двором,1
двору,1
двоюродного,1
двухместная,1
девицах,1
девицу,1
день,1
деревне,1
деревню,1
десятин,1
десять,1
детей,1
детскую,1
дешевыми,1
дивизией,1
дивизии,1
длинное,1
длинном,1
длинные,1
доброе,1
добрый,1
добрым,1
дождалась,1
долго,1
должен,1
доложил,1
дом,1
домой,1
допускала,1
дорогого,1
дорогу,1
дорожу,1
дочку,1
другой,1
другом,1
дружбой,1
думать,1
душ,1
душевно,1
дуэты,1
дяди,1
дядя,1
едва,1
едут-с,1
ее,1
ездил,1
ждал,1
ждет,1
желая,1
железного,1
желтыми,1
жеманно,1
жена,1
женился,1
женою,1
живо,1
жил,1
жила,1
жили,1
жить,1
житье,1
журналах,1
завел,1
заводить,1
заговорил,1
загорелой,1
загрызла,1
задние,1
задумчиво,1
закричал,1
заложены,1
замахал,1
замечтался,1
занимался,1
занялся,1
заостренным,1
запахом,1
запачканная,1
запачкаю,1
записал,1
записался,1
запряженный,1
запыленной,1
запыленном,1
заслужил,1
засмеялся,1
засунутыми,1
зашел,1
звание,1
звонким,1
звонко,1
здесь,1
зеленоватыми,1
земли,1
зиму,1
зимы,1
злой,1
знакомства,1
знакомый,1
значительную,1
знаю,1
зовут,1
играл,1
играли,1
из-под,1
известие,1
издали,1
изобличало,1
ильи,1
имение,1
имя,1
института,1
искреннюю,1
испещренные,1
казался,1
какой,1
какую,1
кандидатом,1
квартиры,1
кверху,1
кирсановым,1
кирсаноф,1
кистями,1
клетчатых,1
клуб,1
книзу,1
ко,1
ковшика,1
когда,1
кожаную,1
козлы,1
колену,1
колес,1
колодца,1
колязина,1
колязиных,1
коляска,1
коляске,1
коляской,1
командовал,1
конце,1
коренной,1
которому,1
которую,1
который,1
кошка,1
красную,1
красовались,1
кресту,1
крестьянами,1
кругом,1
крупный,1
крупных,1
крылечка,1
крылечко,1
кстати,1
куда,1
кучер,1
ласки,1
лбом,1
ленивым,1
лесного,1
лестницей,1
ли,1
лица,1
лицо,1
личностями,1
лишь,1
ловило,1
лошади,1
лошадь,1
лужицу,1
любезен,1
любезнейший,1
люди,1
лямку,1
мае,1
маленькими,1
маленькой,1
малого,1
малый,1
материнской,1
матушек-командирш,1
махнул,1
машей,1
мая,1
мгновений,1
мелькнул,1
меня,1
месяца,1
месяце,1
миловидную,1
министерство,1
минут,1
много,1
мной,1
мог,1
могла,1
могу,1
может,1
моим,1
молодые,1
молодыми,1
мужественным,1
мы,1
мысли,1
наблюдала,1
навстречу,1
надзором,1
найдется,1
намерение,1
нанял,1
наполнявшую,1
напомаженные,1
настал,1
настроения,1
наук,1
наш,1
небольшим,1
недель,1
недружелюбно,1
ней,1
некогда,1
немалому,1
несло,1
несмотря,1
нет-с,1
неудачный,1
низкое,1
никогда,1
николаем,1
николаю,1
николая,1
никуда,1
новейшего,1
ногами,1
ногу,1
ножки,1
носила,1
носом,1
ночь,1
ну,1
об,1
оба,1
обернулся,1
обнаженную,1
оборачиваясь,1
обоями,1
обратился,1
обыденное,1
огорчению,1
одной,1
оживлялось,1
оклеена,1
околыш,1
окончательно,1
окруженные,1
окруженный,1
оно,1
определении,1
остался,1
остановил,1
остаться,1
отвернув,1
отвечая,1
отдаленным,1
отделе,1
отдохнем,1
отдохнуть,1
отличался,1
отодвигаясь,1
отправился,1
отпрягавшему,1
отряхнуться,1
отставку,1
отставного,1
отцовские,1
отцу,1
отчество,1
офицером,1
охоту,1
очень,1
очерк,1
панталонах,1
пекло,1
пели,1
первая,1
перебил,1
перевести,1
переломил,1
перила,1
песочного,1
пестрый,1
петербурге,1
петровича,1
петровичем,1
петровичу,1
пил,1
пиотр,1
писал,1
писарским,1
пить,1
платья,1
плечу,1
плоским,1
побежал,1
повернулся,1
поворачивайся,1
повторил,1
поглядывая,1
погостить,1
подал,1
подбородке,1
подобострастными,1
подогнувши,1
подойдя,1
подсобляйте,1
подушку,1
подходила,1
поедет,1
поживее,1
позволь,1
позвольте,1
познакомим,1
познакомить,1
пока,1
показал,1
показался,1
покатили,1
покинув,1
поклонился,1
покойница-жена,1
поколения,1
полк,1
полковыми,1
полуграмотный,1
полутемных,1
получившего,1
поместил,1
поместились,1
поневоле,1
поник,1
пор,1
пору,1
поседел,1
поселился,1
посетить,1
после,1
последнюю,1
последовала,1
посматривала,1
посмотрел,1
поспешно,1
постели,1
постоялому,1
постоянно,1
поступить,1
потащил,1
потерялся,1
потной,1
потрогивая,1
поцеловал,1
почему-то,1
почерком,1
пошел,1
преобразованиями,1
преполовенского,1
при,1
прибавил,1
приближающихся,1
прибыло,1
привыкнуть,1
приговаривая,1
приготовил,1
приехать,1
прикорнув,1
приласкай,1
прилетел,1
приличия,1
прильнули,1
принадлежала,1
принесенного,1
приподнял,1
присел,1
присылал,1
приятелем,1
приятель,1
провинции,1
продолжал,1
продолжительного,1
прожил,1
прозвал,1
прозвище,1
пролежав,1
прорехи,1
простой,1
просторного,1
протекции,1
прочими,1
прошло,1
птичным,1
пустил,1
пухленького,1
пухом,1
пытался,1
пышные,1
пяти,1
пятнадцати,1
рад,1
радость,1
раза,1
развитую,1
развязными,1
разговор,1
раздумал,1
размашистым,1
размежевался,1
разноцветные,1
распорядись,1
рассеяться,1
расставались,1
расхаживал,1
ребята,1
речь,1
ржаного,1
робел,1
родителей,1
родительница,1
роль,1
россии,1
роста,1
руки,1
рукой,1
рукою,1
руку,1
русский,1
сада,1
сажала,1
сам,1
самоуверенность,1
самый,1
своему,1
своею,1
своими,1
свою,1
сгорбленного,1
себе,1
седого,1
сеней,1
сережка,1
серой,1
серьезные,1
сидит,1
сизый,1
силу,1
сиплым,1
сказал,1
скамеечку,1
скончалась,1
скоро,1
скором,1
скрывали,1
скрылся,1
славную,1
слова,1
службу,1
слышишь,1
слышь,1
смотр,1
снисходительно,1
снова,1
собрался,1
собственному,1
совсем,1
согласился,1
солнце,1
сон,1
сорока,1
соскучитесь,1
спокойной,1
спрашивал,1
спустя,1
сразу,1
срок,1
стал,1
стали,1
старательно,1
стараясь,1
старшему,1
статьи,1
степени,1
степенно,1
стиснул,1
столичной,1
стороны,1
стоявший,1
студентской,1
стук,1
ступеньки,1
стуча,1
супруге,1
супруги,1
существованья,1
сыновней,1
сыновьям,1
сыном,1
сыну,1
таврического,1
такой,1
твердил,1
твоего,1
твой,1
твоя,1
те,1
телодвижения,1
темно-белокурые,1
теплого,1
тех,1
тихонько,1
товарищами,1
тоже,1
толстый,1
том,1
тонкие,1
торопливыми,1
тоска,1
тотчас,1
траура,1
три,1
тройка,1
тройкой,1
тронулись,1
трусишки,1
тряхнул,1
ту,1
тулупа,1
тусклыми,1
тысячи,1
тянул,1
уволенный,1
удар,1
удара,1
ударил,1
уделов,1
удовольствие,1
узнать,1
улыбаясь,1
улыбкой,1
ум,1
умер,1
умиленно,1
университета,1
уныло,1
успел,1
устремил,1
уткнулся,1
утром,1
ухе,1
ухо,1
учтивые,1
фамилии,1
ферму,1
фортепьяно,1
фуражки,1
фуражку,1
хлеба,1
хлопотливо,1
хозяина,1
хозяйкой,1
хозяйственными,1
хозяйством,1
холодноватою,1
хорошее,1
хорошенькой,1
хотел,1
хотелось,1
хотите,1
храбростью,1
хроменьким,1
худое,1
цвету,1
цветы,1
церемонься,1
церкви,1
цыпленок,1
часов,1
часто,1
человек,1
человека,1
человеку,1
чем-нибудь,1
чепцы,1
черепа,1
четвертушек,1
четвертушки,1
четыре,1
четырнадцатилетнего,1
чина,1
числу,1
чистою,1
читала,1
читали,1
читателя,1
чтобы,1
чувства,1
чудесный,1
чуть,1
шагами,1
шапки,1
шапкой,1
шелковые,1
шепнул,1
шинели,1
широким,1
шоссе,1
штабными,1
штатской,1
шумные,1
щекастого,1
щеке,1
щеку,1
эй,1
экипажа,1
этих,1
этот,1
юге,1
юношеским,1
ямских,1
ямщик,1
